run,r,rcr,default,rcmf,eta0,beta,w,etal,alpha_n,Xs_0,Fe0,t_start_m,t_end_m,dr,dt,icfrac,xwater,accrete,status
,m,,,,Pas,K^-1,K,Pas,,wt %,60Fe/56Fe,Myr,Myr,m,t_cond_core,,wt %,,
200,300000,0.4,vary,0.5,1.00E+19,0.0225,5,10,30,23,0.00000001,2,1500,500,0.075,1,0.07,False,
201,300000,0.4,vary,0.5,1.00E+19,0.0225,5,10,30,25,0.00000001,2,1500,500,0.075,1,0.07,False,
202,300000,0.4,vary,0.5,1.00E+19,0.0225,5,10,30,27,0.00000001,2,1500,500,0.075,1,0.07,False,
203,300000,0.4,vary,0.5,1.00E+19,0.0225,5,10,30,29,0.00000001,2,1500,500,0.075,1,0.07,False,
204,300000,0.4,vary,0.5,1.00E+19,0.0225,5,10,30,31,0.00000001,2,1500,500,0.075,1,0.07,False,
205,300000,0.4,vary,0.5,1.00E+19,0.0225,5,10,30,33,0.00000001,2,1500,500,0.075,1,0.07,False,
