run,r,rcr,default,rcmf,eta0,beta,w,etal,alpha_n,Xs_0,Fe0,t_start_m,t_end_m,dr,dt,icfrac,xwater,accrete,status
,m,,,,Pas,K^-1,K,Pas,,wt %,60Fe/56Fe,Myr,Myr,m,t_cond_core,,wt %,,
206,300000,0.5,vary,0.5,1E+019,0.0225,5,10,30,23,0.00000001,0.5,1500,500,0.075,1,0,False,
207,300000,0.5,vary,0.5,1E+019,0.0225,5,10,30,23,0.00000001,1.5,1500,500,0.075,1,0,False,
208,300000,0.5,vary,0.5,1E+019,0.0225,5,10,30,23,0.00000001,2.5,1500,500,0.075,1,0,False,
209,300000,0.5,vary,0.5,1E+019,0.0225,5,10,30,23,0.00000001,3.5,1500,500,0.075,1,0,False,
210,300000,0.5,vary,0.5,1E+019,0.0225,5,10,30,23,0.00000001,4.5,1500,500,0.075,1,0,False,
