run,tsolid,int_time,diff_time,diff_T,peakT,tmax,peak_coreT,tcoremax,tstrat_start,tstrat_remove,terode,fcond_t,fcond_T,tsolid_start,max_Rtherm,max_Rthermt,max_Btherm,max_Bthermt,max_Rcomp,max_Bcomp,Bn1,magon_1,magoff_1,magon_2,magoff_2,magon_3,magoff_3,Bn2,magon_4,magoff_4,magon_5,magoff_5,Bn3,magon_6,magoff_6,magon_7,magoff_7
,Myr,s,Myr,K,K,Myr,K,Myr,Myr,Myr,Myr,Myr,K,Myr,,Myr,T,Myr,,T,,Myr,Myr,Myr,Myr,Myr,Myr,,Myr,Myr,Myr,Myr,,Myr,Myr,Myr,Myr
1,773.6514677155723,2044.5300484689997,1.1965335847574423,1520.0875618779303,1524.6113637485414,1.2965768168423117,1524.7342137476157,1.9963374115412,1.2965768168423117,1.696440013813105,1.8964058130558035,265.1408560758067,1433.5253033153995,36.78443554827799,93.51889451779186,2.096303210783898,1.7270279454153397e-05,2.096303210783898,64.04845193743093,1.2270694747596768e-05,1,1.8964058130558035,571.801393025348,0,0,0,0,2,1.8964058130558035,264.2066288349006,278.4017723290895,571.801393025348,2,36.78443554827799,127.35344965817323,305.6924355174426,571.801393025348
