run,tsolid,int_time,diff_time,diff_T,peakT,tmax,peak_coreT,tcoremax,tstrat_start,tstrat_remove,terode,fcond_t,fcond_T,tsolid_start,max_Rtherm,max_Rthermt,max_Btherm,max_Bthermt,max_Rcomp,max_Bcomp,Bn1,magon_1,magoff_1,magon_2,magoff_2,magon_3,magoff_3,Bn2,magon_4,magoff_4,magon_5,magoff_5,Bn3,magon_6,magoff_6,magon_7,magoff_7
,Myr,s,Myr,K,K,Myr,K,Myr,Myr,Myr,Myr,Myr,K,Myr,,Myr,T,Myr,,T,,Myr,Myr,Myr,Myr,Myr,Myr,,Myr,Myr,Myr,Myr,,Myr,Myr,Myr,Myr
1,771.70968433142,2184.086777724,1.19653358475744,1520.08756187793,1524.6113637479,1.29657681684231,1524.73419896382,1.9963374115412,1.29657681684231,1.69644001381311,1.8964058130558,264.81780625823,1433.38636979895,36.784435548278,93.518553027219,2.0963032107839,1.72702329071925E-05,2.0963032107839,64.7063287991093,1.2312500034948E-05,1,1.8964058130558,569.402213843748,0,0,0,0,1,1.8964058130558,569.402213843748,0,0,2,36.784435548278,139.249379767065,299.194658568538,569.402213843748
