run,r,rcr,default,rcmf,eta0,beta,w,etal,alpha_n,Xs_0,Fe0,t_start_m,t_end_m,dr,dt,icfrac,xwater,accrete,status
,m,,,,Pas,K^-1,K,Pas,,wt %,60Fe/56Fe,Myr,Myr,m,t_cond_core,,wt %,,
43,100000.0,0.7000000000000001,vary,0.5,1e+19,0.0225,5,10,30,23,1e-08,2,1500,500,0.075,1,0.0,False,
44,100000.0,0.7000000000000001,vary,0.5,1e+19,0.0225,5,10,30,23,1e-08,2,1500,500,0.075,1,0.02,False,
45,100000.0,0.7000000000000001,vary,0.5,1e+19,0.0225,5,10,30,23,1e-08,2,1500,500,0.075,1,0.03,False,
46,100000.0,0.7000000000000001,vary,0.5,1e+19,0.0225,5,10,30,23,1e-08,2,1500,500,0.075,1,0.04,False,
47,100000.0,0.7000000000000001,vary,0.5,1e+19,0.0225,5,10,30,23,1e-08,2,1500,500,0.075,1,0.05,False,
48,100000.0,0.7000000000000001,vary,0.5,1e+19,0.0225,5,10,30,23,1e-08,2,1500,500,0.075,1,0.06,False,
49,100000.0,0.7000000000000001,vary,0.5,1e+19,0.0225,5,10,30,23,1e-08,2,1500,500,0.075,1,0.07,False,
