run,r/m,Tm0/K,tstart/Myr,tend/Myr,tstep/Myr,maxt /Myr,cond_i,int_time/s,dr/m,out_interval/Myr,viscosity
57,400000,1600,1,300,1.75196600710299E-05,299.997018566083,3293377,782.537076278,500,10,Dodds
58,400000,1600,1,1000,0.00017519660071,962.522043061898,329334,245.248911087,500,10,Dodds
59,400000,1600,1,1000,0.00017519660071,969.702125348808,322667,239.194532382,500,10,Bryson
60,400000,1600,1,1000,0.00017519660071,924.973907597666,3,237.847674516,500,10,Sterenborg
61,400000,1599,1,1000,0.00017519660071,962.522043061898,329310,234.442917902,500,10,Dodds
62,400000,1599,1,1000,0.00017519660071,969.692139142567,322639,244.426009907,500,10,Bryson
63,400000,1599,1,1000,1.75196600710299E-05,969.042878059995,3192431,2408.542712921,500,10,Sterenborg
64,400000,1600,1,1000,0.00017519660071,965.338153221715,227650,252.927788589001,500,10,Bryson2
65,400000,1600,1,1000,0.00017519660071,714.354831779554,370226,187.063083709,500,10,Bryson3
