run,radius/m,Tsolidus /K,Tm0 /K,Start time /Myr,Input endtime /Myr,max timestep /Myr,end time of solidifcation /Myr,cond_i,integration time/s
13,100000,1450,1600,1,500,0.000880827555105,226.415222110655,8359,
14,400000,1450,1600,1,500,0.000880827555105,499.999379900769,65676,2555.808714938
15,200000.0,1450,1600,1.0,500,0.0008808275551045718,250.08922430938983,19561,432.0715563880003
14,400000.0,1450,1600,1.0,500,0.0008808275551045718,499.9993799007685,65676,2658.0646950930022
16,100000.0,1450,1600,1.0,10,0.0008808275551045718,9.99941513050331,8359,7.704902437999976
16,100000.0,1450,1600,1.0,10,0.0008808275551045718,9.99941513050331,8359,7.573652059000096
17,100000.0,1450,1600,1.0,10,8.808275551045718e-05,9.999943627035472,83583,78.5822839450002
