run,r,dr,t_acc,t_end_max,step_size,t_end_actual,cond_t,int_time,save_interval_d,save_interval_t,default,rcmf,Xs_0,Fe0
,m,m,Myr,Myr,Myr,Myr,s,s,Myr,Myr,,,Wt %,
2,400000,250,0.8,1000,2.40650764537232E-05,509.768199816528,301561294770054,4133.532178289,0.01,0.1,Dodds,0.2,30,1E-07
3,400000,500,0.8,1000,9.62603058148927E-05,514.460597523563,290995564065928,732.385105411988,0.01,0.1,Dodds,0.2,30,1E-07
4,400000,500,0.8,1000,2.40650764537232E-05,510.815680400648,370712225734367,2884.504628282,0.01,0.1,Dodds,0.2,30,1E-07
6,400000,500,0.8,10,2.40650764537232E-05,9.91721328460228,nan,83.1271579450004,0.01,0.1,Dodds,0.2,30,1E-07
1,400000.0,400,0.8,1000,6.160659572153133e-05,512.8917293126809,301029214035641.5,1280.989016536998,0.01,0.1,Dodds,0.2,30,1e-07
5,400000.0,500,0.8,1000,4.813015290744635e-05,512.6994372555553,331097275546849.8,1487.2772809390008,0.01,0.1,Dodds,0.2,30,1e-07
