run,r,dr,t_acc,t_end_max,step_size,t_end_actual,cond_t,int_time,save_interval_d,save_interval_t,default,rcmf,Xs_0,Fe0
,m,m,Myr,Myr,Myr,Myr,s,s,Myr,Myr,,,Wt %,
1,100000,500,0.8,200,0.000120058043751,59.3299771414555,215547225561202,41.0677111679997,0.01,0.1,Dodds,0.3,30,1E-07
6,400000.0,500,0.8,100,9.62603058148927e-05,99.98437624542255,625136007426275.1,138.2534941390004,0.01,0.1,Bryson3,0.3,30,4e-07
7,400000.0,500,0.8,100,9.62603058148927e-05,99.98075493271801,653302060887248.5,139.39015196200126,0.01,0.1,Bryson3,0.3,30,6e-07
8,400000.0,500,0.8,100,9.62603058148927e-05,99.97550970865447,688453574159163.9,141.1004665929995,0.01,0.1,Bryson3,0.3,30,9e-07
5,400000.0,500,0.8,100,9.62603058148927e-05,99.99019325570261,574274745618112.6,135.11372563700024,0.01,0.1,Bryson3,0.3,30,1e-07
2,400000.0,500,0.8,900,9.62603058148927e-05,744.1541178559938,680828651515099.4,1009.0922154559994,0.01,0.1,Dodds,0.5,30,1e-07
2,400000.0,500,0.8,900,9.62603058148927e-05,744.2260425938914,683646325415280.2,1027.6236493100005,0.01,0.1,Dodds,0.2,30,1e-07
