run,r,dr,t_acc,t_end_max,step_size,t_end_actual,cond_t,int_time,save_interval_d,save_interval_t,default,rcmf,Xs_0,Fe0
,m,m,Myr,Myr,Myr,Myr,s,s,Myr,Myr,,,Wt %,
17,200000.0,500,0.8,350,9.62603058148927e-05,140.0707205522737,205075589263220.53,149.0305835600011,0.01,0.1,Dodds,0.2,30,1e-07
1,400000.0,500,0.8,400,4.813015290744635e-05,399.9837209491503,316978397612664.44,1122.3342350460007,0.01,0.1,Dodds,0.2,30,1e-07
2,400000.0,250,0.8,400,2.4065076453723175e-05,399.9797352000406,301561294770054.0,3195.352605990003,0.01,0.1,Dodds,0.2,30,1e-07
3,400000.0,500,0.8,400,9.62603058148927e-05,399.9915960071487,290995564065927.94,567.4882229969999,0.01,0.1,Dodds,0.2,30,1e-07
1,400000.0,500,0.8,1000,4.813015290744635e-05,512.4359727985554,316978397612664.44,1459.8339685719984,0.01,0.1,Dodds,0.2,30,1e-07
2,400000.0,250,0.8,1000,2.4065076453723175e-05,509.768199816528,301561294770054.0,4133.532178288995,0.01,0.1,Dodds,0.2,30,1e-07
3,400000.0,500,0.8,1000,9.62603058148927e-05,514.4605975235631,290995564065927.94,732.3851054119878,0.01,0.1,Dodds,0.2,30,1e-07
4,400000.0,500,0.8,1000,2.4065076453723175e-05,510.8156804006479,370712225734366.9,2884.504628282,0.01,0.1,Dodds,0.2,30,1e-07
